"","arm","cluster","Health_Sub_District","name_1","DIDE_CODE","year","res_1","res_2","LLIN_USE_BASELINE","X3_and_over_net_use_baseline","Predominant_Brand_BASELINE","Nets_Per_person_6m","sleeping_under_net_6m","Nets_Per_person_12m","sleeping_under_net_12m","Nets_Per_person_18m","sleeping_under_net_18m","sleeping_under_net_25m","Net_Type","Distribution_Month","month","days_after_jan_2017","year.1","Prevalence_baseline_2_10_yrs","Number_tested_baseline","Prevalence_6m","Number_tested_6m","Prevalence_12m","Number_tested_12m","Prevalence_18m","Number_tested_18m","Prevalence_25m","dn0_med_2014","rn0_med_2014","gamman_med_2014","dn0_med_2017","rn0_med_2017","gamman_med_2017","seasonal_a0","seasonal_a1","seasonal_b1","seasonal_a2","seasonal_b2","seasonal_a3","seasonal_b3","itn_leave_durMean","eir_est"
"1",1,3,"Bwamba","Bundibugyo",103251,2017,0.49,0.65,0.974358974,0.315789474,"PermaNet 2.0",0.393491124,0.881656805,0.46835443,0.759493671,0.186046512,0.287790698,NA,"Olyset Net","Jul-17",NA,195,2017,0.4803922,102,0.08,75,0.1875,80,0.459183673,98,NA,0.340918971,0.561704822,2.112342094,0.311403205,0.565691471,1.872272399,2.580746356,-0.527091925,-0.600614046,-1.50198419,-0.554288099,0.208562441,-0.4734048,5.779247718,62.340584851678
"2",1,5,"Bukanga","Iganda",103256,2017,0.49,0.65,0.727272727,0.425,"Century",0.509578544,0.75862069,0.51369863,0.626712329,0.326732673,0.617161716,0.275,"Olyset Net","Jul-17",NA,195,2017,0.2,80,0.105263158,76,0.025316456,79,0,59,0.016,0.340918971,0.561704822,2.112342094,0.311403205,0.565691471,1.872272399,3.23117164,-1.401304782,0.231896847,-1.625879136,-0.920101702,0.261199491,-0.205104992,15,14.8096121596339
"3",1,8,"Ruhinda","Bushenyi",103252,2017,0.49,0.65,1,0,"PermaNet 2.0",0.5,0.864661654,0.535714286,0.837301587,0.505703422,0.878326996,0.778,"Olyset Net","Jul-17",NA,195,2017,0.2465753,73,0.081395349,86,0.050847458,59,0.013888889,72,0.108,0.340918971,0.561704822,2.112342094,0.311403205,0.565691471,1.872272399,2.384329351,0.543956957,-0.297619485,-1.673696106,-0.701611434,0.058273232,-0.351621285,3.624367904,16.6529692181895
"4",1,17,"Kitagwenda","Kamwenge",103264,2017,0.49,0.65,1,0.507692308,"PermaNet 2.0",0.538461538,0.858299595,0.41697417,0.811808118,0.406779661,0.752542373,0.372,"Olyset Net","Jul-17",NA,195,2017,0.375,72,0.164383562,73,0.158730159,63,0.178217822,101,0.274,0.340918971,0.561704822,2.112342094,0.311403205,0.565691471,1.872272399,2.582485549,0.013281623,-0.571377567,-2.034336952,-0.500565949,0.148809172,-0.337043683,15,41.5451426626925
"5",1,19,"Ntungamo Municipality","Ntungamo",103294,2017,0.49,0.65,0.971014493,0.358208955,"PermaNet 2.0",0.549586777,0.809917355,0.453441296,0.769230769,0.490842491,0.78021978,0.656,"Olyset Net","Jul-17",NA,195,2017,0.046875,64,0,77,0.017241379,58,0,80,0,0.340918971,0.561704822,2.112342094,0.311403205,0.565691471,1.872272399,1.990519842,0.725628797,-0.010574529,-1.305520532,-0.557125206,-0.074035487,-0.362517578,15,5.31158831899369
"6",1,37,"Buyangabu","Kabarole",103259,2017,0.49,0.65,0.988505747,0.848837209,"PermaNet 2.0",0.469964664,0.915194346,0.447272727,0.781818182,0.424710425,0.725868726,0.526,"Olyset Net","Jul-17",NA,195,2017,0.1585366,82,0.071428571,70,0,59,0,57,0.0286,0.340918971,0.561704822,2.112342094,0.311403205,0.565691471,1.872272399,3.022943734,-0.137865893,-0.981813387,-2.215396744,-0.821247699,0.22201976,-0.368233259,6.625537272,12.5901557842251
"7",1,56,"Buhweju","Bushenyi",103252,2017,0.49,0.65,1,0.906666667,"PermaNet 2.0",0.55186722,0.863070539,0.516728625,0.617100372,0.360323887,0.704453441,0.489,"Olyset Net","Jul-17",NA,195,2017,0.0909091,66,0.051724138,58,0.01754386,57,0.015625,64,0.016,0.340918971,0.561704822,2.112342094,0.311403205,0.565691471,1.872272399,2.384329351,0.543956957,-0.297619485,-1.673696106,-0.701611434,0.058273232,-0.351621285,4.191914712,5.97556890509897
"8",1,58,"Bufumbira North","Kisoro",103272,2017,0.49,0.65,0.965517241,0.285714286,"DawaNet",0.492592593,0.881481481,0.54893617,0.834042553,0.422222222,0.840740741,0.587,"Olyset Net","Jul-17",NA,195,2017,0.0135135,74,0.011363636,88,0,69,0,70,0.032,0.340918971,0.561704822,2.112342094,0.311403205,0.565691471,1.872272399,2.649764481,0.998269682,0.123568997,-1.763089682,-0.554628797,-0.238093298,-0.361002398,5.716118573,1
"9",1,66,"Rukiga North","Kabale",103258,2017,0.49,0.65,0.981481481,0.622641509,"PermaNet 2.0",0.521568627,0.745098039,0.687747036,0.664031621,0.586872587,0.787644788,0.636,"Olyset Net","Jul-17",NA,195,2017,0.0147059,68,0,67,0,61,0,69,0.012,0.340918971,0.561704822,2.112342094,0.311403205,0.565691471,1.872272399,2.257176723,0.716735372,0.235107316,-1.580660175,-0.625648276,-0.052080232,-0.346186227,7.24929668,1
"10",1,67,"Amuria","Soroti",103301,2017,0.49,0.65,0.793103448,0.043478261,"PermaNet 2.0",0.420886076,0.85443038,0.498659517,0.756032172,0.444743935,0.760107817,0.503,"Olyset Net","Jul-17",NA,195,2017,0.4285714,91,0.333333333,96,0.216494845,97,0.347826087,92,0.198,0.340918971,0.561704822,2.112342094,0.311403205,0.565691471,1.872272399,2.896717789,-2.067087381,-0.169077675,-0.942156559,-0.730111469,0.291954972,0.332245672,3.648822445,45.8916235330055
"11",1,71,"Soroti Municipality","Soroti",103301,2017,0.49,0.65,0.947368421,0.351851852,"PermaNet 2.0",0.68556701,0.896907216,0.544747082,0.750972763,0.485943775,0.763052209,0.615,"Olyset Net","Jul-17",NA,195,2017,0.0921053,76,0.031746032,63,0.016666667,60,0.03030303,66,0.028,0.340918971,0.561704822,2.112342094,0.311403205,0.565691471,1.872272399,2.896717789,-2.067087381,-0.169077675,-0.942156559,-0.730111469,0.291954972,0.332245672,5.634127704,7.54195269531792
"12",1,90,"Kween","Kapchorwa",103266,2017,0.49,0.65,0.97826087,0.6,"PermaNet 2.0",0.385507246,0.704347826,0.518771331,0.85665529,0.365325077,0.684210526,0.344,"Olyset Net","Jul-17",NA,195,2017,0,81,0.02173913,92,0.011235955,89,0,85,0.038,0.340918971,0.561704822,2.112342094,0.311403205,0.565691471,1.872272399,2.806436179,-2.591998182,-0.510944598,-0.030899023,-0.464447721,-0.079769376,0.204377047,11.27324749,1
"13",1,102,"Bubulo West","Mbale",103284,2017,0.49,0.65,1,0.565217391,"OlysetNet",0.426282051,0.814102564,0.641255605,0.834080717,0.324909747,0.599277978,0.367,"Olyset Net","Jul-17",NA,195,2017,0.5339806,103,0.306818182,88,0.169230769,65,0.309278351,97,0.477,0.340918971,0.561704822,2.112342094,0.311403205,0.565691471,1.872272399,3.296696098,-2.195952774,-0.45366556,-0.678362884,-0.828865842,-0.197940387,0.148385755,5.168560042,109.937821638308
"14",2,2,"Bughendera","Bundibugyo",103251,2017,0.49,0.65,0.984126984,0.080645161,"PermaNet 2.0",0.536290323,0.931451613,0.392361111,0.746527778,0.284210526,0.58245614,NA,"Olyset Plus","Jul-17",NA,195,2017,0.3529412,102,0.054794521,73,0.078947368,76,0.171428571,70,NA,0.340918971,0.561704822,2.112342094,0.483013286,0.482006596,1.625772453,2.580746356,-0.527091925,-0.600614046,-1.50198419,-0.554288099,0.208562441,-0.4734048,7.096389893,32.2939626079214
"15",2,4,"Buliisa","Masindi",103282,2017,0.49,0.65,0.967213115,0.542372881,"DawaNet",0.48540146,0.916058394,0.527272727,0.822727273,0.38490566,0.743396226,0.477,"Olyset Plus","Jul-17",NA,195,2017,0.4742268,97,0.253731343,67,0.104477612,67,0.131147541,61,0.318,0.340918971,0.561704822,2.112342094,0.483013286,0.482006596,1.625772453,3.064618224,-1.517285438,-0.57251896,-1.424209634,-0.628146606,0.221446026,-0.064315736,5.64633582,78.3196792579546
"16",2,12,"Sheema South","Mbarara",103285,2017,0.49,0.65,0.846846847,0.914893617,"PermaNet 2.0",0.5,0.902255639,0.539370079,0.799212598,0.481343284,0.701492537,NA,"Olyset Plus","Jul-17",NA,195,2017,0.0987654,81,0.012987013,77,0,67,0,70,NA,0.340918971,0.561704822,2.112342094,0.483013286,0.482006596,1.625772453,2.085169221,0.490035026,-0.133685553,-1.447381674,-0.609622629,-0.000470121,-0.243443866,5.947950768,6.29097811428552
"17",2,13,"Sheema North","Mbarara",103285,2017,0.49,0.65,0.989247312,0.836956522,"PermaNet 2.0",0.452380952,0.911564626,0.544186047,0.855813953,0.423220974,0.700374532,NA,"Olyset Plus","Jul-17",NA,195,2017,0.0465116,86,0.01369863,73,0.015384615,65,0,70,NA,0.340918971,0.561704822,2.112342094,0.483013286,0.482006596,1.625772453,2.085169221,0.490035026,-0.133685553,-1.447381674,-0.609622629,-0.000470121,-0.243443866,15,4.88100757152749
"18",2,25,"Bukonzo West","Kasese",103267,2017,0.49,0.65,0.970149254,0.738461538,"DawaNet",0.450847458,0.766101695,0.327702703,0.594594595,0.289085546,0.554572271,NA,"Olyset Plus","Jul-17",NA,195,2017,0.025,80,0.01754386,57,0,51,0,70,NA,0.340918971,0.561704822,2.112342094,0.483013286,0.482006596,1.625772453,2.67083956,0.13064217,-0.626800461,-1.835793106,-0.779028081,0.092930363,-0.304686825,15,3.05729823139086
"19",2,29,"Kasese Municipality","Kasese",103267,2017,0.49,0.65,1,0.935064935,"PermaNet 2.0",0.529880478,0.725099602,0.519480519,0.753246753,0.381974249,0.733905579,NA,"Olyset Plus","Jul-17",NA,195,2017,0.0410959,73,0.01369863,73,0.014925373,67,0.013157895,76,NA,0.340918971,0.561704822,2.112342094,0.483013286,0.482006596,1.625772453,2.67083956,0.13064217,-0.626800461,-1.835793106,-0.779028081,0.092930363,-0.304686825,5.831381711,3.05899639216345
"20",2,33,"Bushenyi-Ishaka Municipality","Bushenyi",103252,2017,0.49,0.65,0.8,0.925,"PermaNet 2.0",0.532,0.86,0.580188679,0.764150943,0.478632479,0.717948718,0.724,"Olyset Plus","Jul-17",NA,195,2017,0.0136986,73,0,82,0,66,0,66,0,0.340918971,0.561704822,2.112342094,0.483013286,0.482006596,1.625772453,2.384329351,0.543956957,-0.297619485,-1.673696106,-0.701611434,0.058273232,-0.351621285,6.820300193,1
"21",2,35,"Igara East","Bushenyi",103252,2017,0.49,0.65,0.968253968,0.459016393,"PermaNet 2.0",0.549586777,0.826446281,0.583673469,0.853061224,0.458498024,0.818181818,0.541,"Olyset Plus","Jul-17",NA,195,2017,0.0307692,65,0.048387097,62,0,68,0,76,0,0.340918971,0.561704822,2.112342094,0.483013286,0.482006596,1.625772453,2.384329351,0.543956957,-0.297619485,-1.673696106,-0.701611434,0.058273232,-0.351621285,12.58751256,3.39693276104421
"22",2,39,"Fort-Portal Municipality","Kabarole",103259,2017,0.49,0.65,0.90625,0.75862069,"PermaNet 2.0",0.536290323,0.810483871,0.504166667,0.75,0.382882883,0.612612613,0.562,"Olyset Plus","Jul-17",NA,195,2017,0,90,0,64,0,59,0,55,0.015,0.340918971,0.561704822,2.112342094,0.483013286,0.482006596,1.625772453,3.022943734,-0.137865893,-0.981813387,-2.215396744,-0.821247699,0.22201976,-0.368233259,15,1
"23",2,41,"Rujumbura","Rukungiri",103298,2017,0.49,0.65,1,0.846153846,"PermaNet 2.0",0.503787879,0.901515152,0.547244094,0.649606299,0.632727273,0.865454545,0.802,"Olyset Plus","Jul-17",NA,195,2017,0.1772152,79,0.103448276,58,0,59,0.014705882,68,0.044,0.340918971,0.561704822,2.112342094,0.483013286,0.482006596,1.625772453,2.285988503,0.609958019,-0.246887099,-1.634883576,-0.693913071,-0.019604793,-0.26849525,6.369981954,12.7493392707531
"24",2,42,"Rukungiri Municipality","Rukungiri",103298,2017,0.49,0.65,0.988888889,0,"PermaNet 2.0",0.580786026,0.912663755,0.618644068,0.690677966,0.527196653,0.753138075,0.64,"Olyset Plus","Jul-17",NA,195,2017,0.0140845,71,0,62,0,77,0,73,0,0.340918971,0.561704822,2.112342094,0.483013286,0.482006596,1.625772453,2.285988503,0.609958019,-0.246887099,-1.634883576,-0.693913071,-0.019604793,-0.26849525,6.532116437,1
"25",2,48,"Kashari","Mbarara",103285,2017,0.49,0.65,0.964705882,0.902439024,"PermaNet 2.0",0.642512077,0.903381643,0.448818898,0.751968504,0.254807692,0.504807692,NA,"Olyset Plus","Jul-17",NA,195,2017,0.0657895,76,0,55,0,67,0,58,NA,0.340918971,0.561704822,2.112342094,0.483013286,0.482006596,1.625772453,2.085169221,0.490035026,-0.133685553,-1.447381674,-0.609622629,-0.000470121,-0.243443866,15,5.94681242722083
"26",2,50,"Rwampara","Mbarara",103285,2017,0.49,0.65,1,0,"PermaNet 2.0",0.444816054,0.899665552,0.569230769,0.807692308,0.346007605,0.600760456,NA,"Olyset Plus","Jul-17",NA,195,2017,0.0394737,76,0.029411765,68,0.014925373,67,0.016949153,59,NA,0.340918971,0.561704822,2.112342094,0.483013286,0.482006596,1.625772453,2.085169221,0.490035026,-0.133685553,-1.447381674,-0.609622629,-0.000470121,-0.243443866,4.164985353,3.80522742007136
"27",2,53,"Buyaga West","Kibale",103270,2017,0.49,0.65,0.976190476,0.707317073,"DawaNet",0.443333333,0.793333333,0.395652174,0.656521739,0.27972028,0.611888112,NA,"Olyset Plus","Jul-17",NA,195,2017,0.3294118,85,0.197368421,76,0.045454545,66,0.138888889,72,NA,0.340918971,0.561704822,2.112342094,0.483013286,0.482006596,1.625772453,2.817740943,-0.726461582,-0.641660125,-1.81789415,-0.42183137,0.299490368,-0.428818572,4.474562367,30.115684251939
"28",2,61,"Ndorwa East","Kabale",103258,2017,0.49,0.65,1,0.042105263,"DawaNet",0.570815451,0.836909871,0.563265306,0.808163265,0.596491228,0.907894737,0.748,"Olyset Plus","Jul-17",NA,195,2017,0,64,0.014084507,71,0,69,0,81,0,0.340918971,0.561704822,2.112342094,0.483013286,0.482006596,1.625772453,2.257176723,0.716735372,0.235107316,-1.580660175,-0.625648276,-0.052080232,-0.346186227,10.98933578,1
"29",2,68,"Kapelebyong","Katakwi",103268,2017,0.49,0.65,0.775,0.225806452,"PermaNet 2.0",0.447811448,0.861952862,0.412256267,0.688022284,0.345890411,0.688356164,0.399,"Olyset Plus","Jul-17",NA,195,2017,0.2061856,97,0.231707317,82,0.064102564,78,0.102941176,68,0.086,0.340918971,0.561704822,2.112342094,0.483013286,0.482006596,1.625772453,2.587503436,-2.23511804,-0.503535597,-0.334491709,-0.481246962,0.146173849,0.2429014,2.891165822,16.3069826500729
"30",2,80,"Bugweri","Iganga",103256,2017,0.49,0.65,0.9,0.537037037,"PermaNet 2.0",0.498127341,0.93258427,0.46474359,0.740384615,0.397350993,0.721854305,0.405,"Olyset Plus","Jul-17",NA,195,2017,0.4770642,109,0.19047619,84,0.147727273,88,0.290322581,62,0.302,0.340918971,0.561704822,2.112342094,0.483013286,0.482006596,1.625772453,3.23117164,-1.401304782,0.231896847,-1.625879136,-0.920101702,0.261199491,-0.205104992,5.017626948,60.4854800362029
"31",2,87,"Budadiri East","Mbale",103284,2017,0.49,0.65,1,0.814814815,"OlysetNet",0.496268657,0.895522388,0.470817121,0.778210117,0.433962264,0.781132075,0.658,"Olyset Plus","Jul-17",NA,195,2017,0.1153846,78,0.066666667,75,0.012987013,77,0.021505376,93,0.024,0.340918971,0.561704822,2.112342094,0.483013286,0.482006596,1.625772453,3.296696098,-2.195952774,-0.45366556,-0.678362884,-0.828865842,-0.197940387,0.148385755,2.870319851,7.98699298547074
"32",2,93,"Bunya South","Mayuge",103283,2017,0.49,0.65,0.93442623,0.578947368,"PermaNet 2.0",0.40797546,0.917177914,0.476351351,0.800675676,0.416393443,0.757377049,0.575,"Olyset Plus","Jul-17",NA,195,2017,0.6516854,89,0.270588235,85,0.154929577,71,0.28,75,0.477,0.340918971,0.561704822,2.112342094,0.483013286,0.482006596,1.625772453,3.227447359,-0.613602958,0.229699644,-1.828609896,-1.278449238,0.097594433,-0.473211007,15,176.567434279886
"33",3,1,"Ibanda","Mbarara",103285,2017,0.49,0.65,0.987804878,0.691358025,"PermaNet 2.0",0.554166667,0.891666667,0.573991031,0.704035874,0.397540984,0.631147541,0.485,"PermaNet 2.0","Jul-17",NA,195,2017,0.1276596,94,0.063492063,63,0.016666667,60,0.029411765,68,0.136,0.340918971,0.561704822,2.112342094,0.311403205,0.565691471,1.872272399,2.085169221,0.490035026,-0.133685553,-1.447381674,-0.609622629,-0.000470121,-0.243443866,4.787082377,8.04533528687313
"34",3,7,"Isingiro South","Mbarara",103285,2017,0.49,0.65,0.823529412,0.871428571,"PermaNet 2.0",0.5,0.857142857,0.552447552,0.758741259,0.378472222,0.552083333,0.462,"PermaNet 2.0","Jul-17",NA,195,2017,0.1219512,82,0.033333333,60,0.085365854,82,0,60,0.024,0.340918971,0.561704822,2.112342094,0.311403205,0.565691471,1.872272399,2.085169221,0.490035026,-0.133685553,-1.447381674,-0.609622629,-0.000470121,-0.243443866,2.467568391,5.80640694809395
"35",3,10,"Kazo","Mbarara",103285,2017,0.49,0.65,0.858695652,0.873417722,"PermaNet 2.0",0.48540146,0.835766423,0.506944444,0.899305556,0.332,0.616,0.551,"PermaNet 2.0","Jul-17",NA,195,2017,0.1428571,91,0.053333333,75,0.042857143,70,0.042857143,70,0.145,0.340918971,0.561704822,2.112342094,0.311403205,0.565691471,1.872272399,2.085169221,0.490035026,-0.133685553,-1.447381674,-0.609622629,-0.000470121,-0.243443866,3.673189039,7.04384918847696
"36",3,11,"Nyabushozi","Mbarara",103285,2017,0.49,0.65,0.7,0,"OlysetNet",0.496268657,0.884328358,0.478672986,0.668246445,0.361111111,0.658730159,0.309,"PermaNet 2.0","Jul-17",NA,195,2017,0.1058824,85,0.086956522,69,0.1,70,0.044117647,68,0.071,0.340918971,0.561704822,2.112342094,0.311403205,0.565691471,1.872272399,2.085169221,0.490035026,-0.133685553,-1.447381674,-0.609622629,-0.000470121,-0.243443866,14.68272798,7.35964631937353
"37",3,15,"Katerera","Bushenyi",103252,2017,0.49,0.65,0.933333333,0.946428571,"PermaNet 2.0",0.481884058,0.927536232,0.571428571,0.870748299,0.544585987,0.684713376,0.706,"PermaNet 2.0","Jul-17",NA,195,2017,0.1612903,93,0.203389831,59,0.051948052,77,0.09375,96,0.139,0.340918971,0.561704822,2.112342094,0.311403205,0.565691471,1.872272399,2.384329351,0.543956957,-0.297619485,-1.673696106,-0.701611434,0.058273232,-0.351621285,3.297812147,7.7947973711788
"38",3,16,"Kibaale","Kibale",103270,2017,0.49,0.65,0.961038961,0.472972973,"PermaNet 2.0",0.521568627,0.933333333,0.472222222,0.75,0.304054054,0.533783784,0.5,"PermaNet 2.0","Jul-17",NA,195,2017,0.4197531,81,0.129032258,62,0.14084507,71,0.101123596,89,0.341,0.340918971,0.561704822,2.112342094,0.311403205,0.565691471,1.872272399,2.817740943,-0.726461582,-0.641660125,-1.81789415,-0.42183137,0.299490368,-0.428818572,2.657278816,33.7278337137685
"39",3,18,"Kajara","Ntungamo",103294,2017,0.49,0.65,1,0.92,"PermaNet 2.0",0.488970588,0.900735294,0.595744681,0.842553191,0.610714286,0.853571429,0.753,"PermaNet 2.0","Jul-17",NA,195,2017,0.0535714,56,0,62,0.011904762,84,0.012195122,82,0.014,0.340918971,0.561704822,2.112342094,0.311403205,0.565691471,1.872272399,1.990519842,0.725628797,-0.010574529,-1.305520532,-0.557125206,-0.074035487,-0.362517578,4.945290193,4.33009801651752
"40",3,21,"Rushenyi","Ntungamo",103294,2017,0.49,0.65,1,0.438596491,"PermaNet 2.0",0.469964664,0.929328622,0.53358209,0.929104478,0.433460076,0.547528517,0.66,"PermaNet 2.0","Jul-17",NA,195,2017,0.0285714,70,0.046153846,65,0,74,0,67,0,0.340918971,0.561704822,2.112342094,0.311403205,0.565691471,1.872272399,1.990519842,0.725628797,-0.010574529,-1.305520532,-0.557125206,-0.074035487,-0.362517578,5.652345727,2.78647128790488
"41",3,22,"Bujenje","Masindi",103282,2017,0.49,0.65,0.9625,0.779220779,"PermaNet 2.0",0.540650407,0.845528455,0.454545455,0.783549784,0.609053498,0.798353909,0.658,"PermaNet 2.0","Jul-17",NA,195,2017,0.3,80,0.197183099,71,0.108108108,74,0.115942029,69,0.353,0.340918971,0.561704822,2.112342094,0.311403205,0.565691471,1.872272399,3.064618224,-1.517285438,-0.57251896,-1.424209634,-0.628146606,0.221446026,-0.064315736,2.452808121,23.1043769470782
"42",3,23,"Buruli","Nakasongola",103292,2017,0.49,0.65,0.904109589,0.454545455,"PermaNet 2.0",0.511538462,0.819230769,0.478764479,0.737451737,0.3828125,0.6015625,0.619,"PermaNet 2.0","Jul-17",NA,195,2017,0.4021739,92,0.31884058,69,0.303030303,66,0.384615385,65,0.407,0.340918971,0.561704822,2.112342094,0.311403205,0.565691471,1.872272399,2.709808186,-1.093632822,-0.028698177,-1.451775535,-0.611081959,0.458444753,-0.128079948,6.204765042,42.3234009254184
"43",3,24,"Masindi Municipality","Masindi",103282,2017,0.49,0.65,0.922222222,0.554216867,"DawaNet",0.406727829,0.825688073,0.507575758,0.78030303,0.450549451,0.681318681,0.576,"PermaNet 2.0","Jul-17",NA,195,2017,0.1860465,86,0.219178082,73,0.0625,64,0.068965517,58,0.225,0.340918971,0.561704822,2.112342094,0.311403205,0.565691471,1.872272399,3.064618224,-1.517285438,-0.57251896,-1.424209634,-0.628146606,0.221446026,-0.064315736,15,15.3976519067617
"44",3,26,"Bukonzo East","Kasese",103267,2017,0.49,0.65,1,0.104477612,"PermaNet 2.0",0.460207612,0.920415225,0.416666667,0.649425287,0.306060606,0.448484848,NA,"PermaNet 2.0","Jul-17",NA,195,2017,0.2178218,101,0.025,80,0.022222222,90,0.04,100,NA,0.340918971,0.561704822,2.112342094,0.311403205,0.565691471,1.872272399,2.67083956,0.13064217,-0.626800461,-1.835793106,-0.779028081,0.092930363,-0.304686825,15,20.1960895372268
"45",3,28,"Busongora North","Kasese",103267,2017,0.49,0.65,1,0.507462687,"PermaNet 2.0",0.409230769,0.830769231,0.246527778,0.420138889,0.183486239,0.293577982,NA,"PermaNet 2.0","Jul-17",NA,195,2017,0.1358025,81,0.03030303,66,0.016666667,60,0.114285714,70,NA,0.340918971,0.561704822,2.112342094,0.311403205,0.565691471,1.872272399,2.67083956,0.13064217,-0.626800461,-1.835793106,-0.779028081,0.092930363,-0.304686825,4.414209973,8.29404759127883
"46",3,31,"Buhaguzi","Hoima",103255,2017,0.49,0.65,0.965517241,0.285714286,"DawaNet",0.513513514,0.8996139,0.475884244,0.836012862,0.471380471,0.811447811,0.689,"PermaNet 2.0","Jul-17",NA,195,2017,0.4125,80,0.2,75,0.077922078,77,0.152173913,92,0.364,0.340918971,0.561704822,2.112342094,0.311403205,0.565691471,1.872272399,2.766026508,-1.013556666,-0.599220422,-1.51534868,-0.571764867,0.22498228,-0.190494503,15,54.6556305023636
"47",3,32,"Hoima Municipality","Hoima",103255,2017,0.49,0.65,0.783333333,0.127659574,"PermaNet 2.0",0.478417266,0.798561151,0.519148936,0.817021277,0.515283843,0.720524017,0.702,"PermaNet 2.0","Jul-17",NA,195,2017,0.1630435,92,0.038961039,77,0.030769231,65,0.0625,64,0.099,0.340918971,0.561704822,2.112342094,0.311403205,0.565691471,1.872272399,2.766026508,-1.013556666,-0.599220422,-1.51534868,-0.571764867,0.22498228,-0.190494503,15,11.6000909206892
"48",3,34,"Igara West","Bushenyi",103252,2017,0.49,0.65,1,0.924242424,"PermaNet 2.0",0.511538462,0.884615385,0.596774194,0.907258065,0.457249071,0.776951673,0.879,"PermaNet 2.0","Jul-17",NA,195,2017,0.1369863,73,0.075,80,0.088235294,68,0.115384615,78,0.109,0.340918971,0.561704822,2.112342094,0.311403205,0.565691471,1.872272399,2.384329351,0.543956957,-0.297619485,-1.673696106,-0.701611434,0.058273232,-0.351621285,5.22564091,8.66600573577945
"49",3,40,"Rubabo","Rukungiri",103298,2017,0.49,0.65,1,0.898734177,"PermaNet 2.0",0.503787879,0.897727273,0.529182879,0.739299611,0.594262295,0.799180328,0.787,"PermaNet 2.0","Jul-17",NA,195,2017,0.0285714,70,0.047619048,63,0.026315789,76,0,75,0,0.340918971,0.561704822,2.112342094,0.311403205,0.565691471,1.872272399,2.285988503,0.609958019,-0.246887099,-1.634883576,-0.693913071,-0.019604793,-0.26849525,3.904423591,2.66120398309723
"50",3,44,"Mwenge North","Kyenjojo",103276,2017,0.49,0.65,1,0.928571429,"PermaNet 2.0",0.503787879,0.787878788,0.539923954,0.923954373,0.367588933,0.616600791,0.482,"PermaNet 2.0","Jul-17",NA,195,2017,0.4814815,81,0.24137931,58,0.06779661,59,0.234375,64,0.25,0.340918971,0.561704822,2.112342094,0.311403205,0.565691471,1.872272399,2.683586481,-0.330723673,-0.726380844,-2.042241835,-0.448332536,0.316910357,-0.366186108,4.332431717,68.7230069734363
"51",3,46,"Kinkizi East","Kanungu",103265,2017,0.49,0.65,1,0.945054945,"PermaNet 2.0",0.509578544,0.877394636,0.538461538,0.914529915,0.539923954,0.847908745,0.599,"PermaNet 2.0","Jul-17",NA,195,2017,0.125,80,0.097222222,72,0.014084507,71,0.028985507,69,0.035,0.340918971,0.561704822,2.112342094,0.311403205,0.565691471,1.872272399,2.377721795,0.468221108,-0.247772617,-1.629264664,-0.637034171,0.042847749,-0.174969706,4.784464626,7.2883550297319
"52",3,47,"Kinkizi West","Kanungu",103265,2017,0.49,0.65,0.861111111,0.741935484,"PermaNet 2.0",0.505703422,0.927756654,0.554166667,0.875,0.540229885,0.800766284,0.62,"PermaNet 2.0","Jul-17",NA,195,2017,0.1704545,88,0.106060606,66,0.093333333,75,0.051282051,78,0.127,0.340918971,0.561704822,2.112342094,0.311403205,0.565691471,1.872272399,2.377721795,0.468221108,-0.247772617,-1.629264664,-0.637034171,0.042847749,-0.174969706,15,11.2931345826452
"53",3,52,"Bugangaizi East","Kibale",103270,2017,0.49,0.65,0.946666667,0.830985915,"DawaNet",0.532,0.96,0.486577181,0.667785235,0.48409894,0.80565371,0.685,"PermaNet 2.0","Jul-17",NA,195,2017,0.4454545,110,0.164556962,79,0.289855072,69,0.295774648,71,0.395,0.340918971,0.561704822,2.112342094,0.311403205,0.565691471,1.872272399,2.817740943,-0.726461582,-0.641660125,-1.81789415,-0.42183137,0.299490368,-0.428818572,10.21775038,63.2532530107427
"54",3,54,"Buyaga East","Kibale",103270,2017,0.49,0.65,0.975609756,0.4,"PermaNet 2.0",0.483636364,0.901818182,0.56,0.84,0.231316726,0.512455516,NA,"PermaNet 2.0","Jul-17",NA,195,2017,0.4366197,71,0.277777778,72,0.213114754,61,0.453125,64,NA,0.340918971,0.561704822,2.112342094,0.311403205,0.565691471,1.872272399,2.817740943,-0.726461582,-0.641660125,-1.81789415,-0.42183137,0.299490368,-0.428818572,15,60.1781001632725
"55",3,55,"Buyanja","Kibale",103270,2017,0.49,0.65,0.976190476,0.048780488,"PermaNet 2.0",0.540650407,0.845528455,0.484732824,0.812977099,0.439688716,0.836575875,0.775,"PermaNet 2.0","Jul-17",NA,195,2017,0.2680412,97,0.169014085,71,0.294117647,68,0.236111111,72,0.437,0.340918971,0.561704822,2.112342094,0.311403205,0.565691471,1.872272399,2.817740943,-0.726461582,-0.641660125,-1.81789415,-0.42183137,0.299490368,-0.428818572,8.814842181,21.2132915320089
"56",3,57,"Bufumbira East","Kisoro",103272,2017,0.49,0.65,0.952380952,0.65,"PermaNet 2.0",0.515503876,0.899224806,0.487804878,0.821138211,0.474074074,0.87037037,0.574,"PermaNet 2.0","Jul-17",NA,195,2017,0.010989,91,0.011764706,85,0.015384615,65,0.013157895,76,0.061,0.340918971,0.561704822,2.112342094,0.311403205,0.565691471,1.872272399,2.649764481,0.998269682,0.123568997,-1.763089682,-0.554628797,-0.238093298,-0.361002398,3.79146916,1
"57",3,62,"Ndorwa West","Kabale",103258,2017,0.49,0.65,0.789473684,0.346666667,"PermaNet 2.0",0.515503876,0.856589147,0.584745763,0.843220339,0.486055777,0.864541833,0.776,"PermaNet 2.0","Jul-17",NA,195,2017,0,83,0.013333333,75,0,66,0,75,0.014,0.340918971,0.561704822,2.112342094,0.311403205,0.565691471,1.872272399,2.257176723,0.716735372,0.235107316,-1.580660175,-0.625648276,-0.052080232,-0.346186227,11.32097816,1
"58",3,69,"Bukooli South","Bugiri",103250,2017,0.49,0.65,0.925531915,0.275862069,"PermaNet 2.0",0.534136546,0.742971888,0.581818182,0.952727273,0.477272727,0.916666667,0.884,"PermaNet 2.0","Jul-17",NA,195,2017,0.7019231,104,0.460526316,76,0.602040816,98,0.434782609,92,0.684,0.340918971,0.561704822,2.112342094,0.311403205,0.565691471,1.872272399,3.358507008,-1.025557328,0.339694221,-1.861343857,-1.152679703,0.168450672,-0.203203006,3.834836375,222.208965107033
"59",3,73,"Jinja Municipal","Jinja",103257,2017,0.49,0.65,0.711538462,0.608108108,"PermaNet 2.0",0.517509728,0.848249027,0.424369748,0.701680672,0.390625,0.671875,0.703,"PermaNet 2.0","Jul-17",NA,195,2017,0.1020408,98,0.041666667,72,0.014084507,71,0.029411765,68,0.014,0.340918971,0.561704822,2.112342094,0.311403205,0.565691471,1.872272399,3.267883339,-0.981919556,0.383780077,-1.825071337,-1.151788839,0.411421461,-0.503601461,7.907846227,6.57174177143505
"60",3,74,"Kagoma","Jinja",103257,2017,0.49,0.65,0.945454545,0.461538462,"PermaNet 2.0",0.481884058,0.815217391,0.469924812,0.703007519,0.521568627,0.905882353,0.496,"PermaNet 2.0","Jul-17",NA,195,2017,0.483871,93,0.298701299,77,0.364864865,74,0.180555556,72,0.329,0.340918971,0.561704822,2.112342094,0.311403205,0.565691471,1.872272399,3.267883339,-0.981919556,0.383780077,-1.825071337,-1.151788839,0.411421461,-0.503601461,3.356466486,47.5466008854536
"61",3,78,"Samia Bugwe South","Busia",103253,2017,0.49,0.65,0.885245902,0.814814815,"PermaNet 2.0",0.449324324,0.837837838,0.605734767,0.888888889,0.491103203,0.825622776,0.692,"PermaNet 2.0","Jul-17",NA,195,2017,0.7261904,84,0.321428571,84,0.308641975,81,0.267605634,71,0.462,0.340918971,0.561704822,2.112342094,0.311403205,0.565691471,1.872272399,3.632922029,-1.18594567,0.390280031,-1.868419752,-1.33601221,0.0265309,-0.222126425,4.161435239,291.194194284742
"62",3,79,"Samia Bugwe North","Busia",103253,2017,0.49,0.65,1,0.878378378,"PermaNet 2.0",0.399399399,0.81981982,0.587412587,0.807692308,0.494736842,0.754385965,0.743,"PermaNet 2.0","Jul-17",NA,195,2017,0.5,90,0.405797101,69,0.395061728,81,0.484848485,66,0.524,0.340918971,0.561704822,2.112342094,0.311403205,0.565691471,1.872272399,3.632922029,-1.18594567,0.390280031,-1.868419752,-1.33601221,0.0265309,-0.222126425,1.252862218,45.3251935033868
"63",3,81,"Iganga Municipality","Iganga",103256,2017,0.49,0.65,0.670588235,0.719298246,"PermaNet 2.0",0.501886792,0.864150943,0.536679537,0.791505792,0.453846154,0.626923077,0.722,"PermaNet 2.0","Jul-17",NA,195,2017,0.1477273,88,0.051948052,77,0.024390244,82,0,73,0.109,0.340918971,0.561704822,2.112342094,0.311403205,0.565691471,1.872272399,3.23117164,-1.401304782,0.231896847,-1.625879136,-0.920101702,0.261199491,-0.205104992,14.94825248,9.02875991866415
"64",3,82,"Kigulu South","Iganga",103256,2017,0.49,0.65,0.872340426,0.707317073,"PermaNet 2.0",0.471631206,0.85106383,0.577922078,0.87012987,0.350157729,0.640378549,0.486,"PermaNet 2.0","Jul-17",NA,195,2017,0.5773196,97,0.3,80,0.340206186,97,0.25,72,0.198,0.340918971,0.561704822,2.112342094,0.311403205,0.565691471,1.872272399,3.23117164,-1.401304782,0.231896847,-1.625879136,-0.920101702,0.261199491,-0.205104992,8.339684843,112.901117158294
"65",3,84,"Luuka","Iganga",103256,2017,0.49,0.65,0.909090909,0.266666667,"PermaNet 2.0",0.4169279,0.902821317,0.584664537,0.900958466,0.529644269,0.909090909,0.763,"PermaNet 2.0","Jul-17",NA,195,2017,0.6516854,89,0.561643836,73,0.583333333,60,0.488095238,84,0.633,0.340918971,0.561704822,2.112342094,0.311403205,0.565691471,1.872272399,3.23117164,-1.401304782,0.231896847,-1.625879136,-0.920101702,0.261199491,-0.205104992,5.238490929,172.624301423576
"66",3,86,"Ngora","Kumi",103275,2017,0.49,0.65,0.722222222,0.192307692,"OlysetNet",0.476702509,0.935483871,0.584699454,0.800546448,0.522988506,0.873563218,0.797,"PermaNet 2.0","Jul-17",NA,195,2017,0.2560976,82,0.183486239,109,0.172043011,93,0.153061224,98,0.253,0.340918971,0.561704822,2.112342094,0.311403205,0.565691471,1.872272399,2.754094358,-2.162641039,-0.056727097,-0.487285114,-0.660400287,0.135373553,0.036960793,4.279136962,17.5579753475849
"67",3,88,"Budadri West","Mbale",103284,2017,0.49,0.65,0.882352941,0.644444444,"OlysetNet",0.473309609,0.93594306,0.526490066,0.864238411,0.505084746,0.813559322,0.526,"PermaNet 2.0","Jul-17",NA,195,2017,0.2531646,79,0.107142857,84,0.041666667,96,0.025,80,0.091,0.340918971,0.561704822,2.112342094,0.311403205,0.565691471,1.872272399,3.296696098,-2.195952774,-0.45366556,-0.678362884,-0.828865842,-0.197940387,0.148385755,15,29.0494283111852
"68",3,91,"Bunya West","Mayuge",103283,2017,0.49,0.65,0.971428571,0.352941176,"PermaNet 2.0",0.447811448,0.760942761,0.448916409,0.730650155,0.45,0.728125,0.624,"PermaNet 2.0","Jul-17",NA,195,2017,0.5783132,83,0.291666667,72,0.408602151,93,0.390804598,87,0.586,0.340918971,0.561704822,2.112342094,0.311403205,0.565691471,1.872272399,3.227447359,-0.613602958,0.229699644,-1.828609896,-1.278449238,0.097594433,-0.473211007,3.477343665,89.6186308595257
"69",3,95,"Bulambuli","Sironko",103300,2017,0.49,0.65,0.971428571,0.382352941,"OlysetNet",0.483636364,0.909090909,0.524344569,0.850187266,0.546468401,0.87732342,0.671,"PermaNet 2.0","Jul-17",NA,195,2017,0.2365591,93,0.180327869,61,0.026666667,75,0.130434783,92,0.108,0.340918971,0.561704822,2.112342094,0.311403205,0.565691471,1.872272399,3.095706452,-2.464573268,-0.587770026,-0.305418439,-0.50227511,-0.118834256,0.130733503,15,29.8773095074946
"70",3,98,"Bungokho South","Mbale",103284,2017,0.49,0.65,1,0.767857143,"PermaNet 2.0",0.503787879,0.943181818,0.538720539,0.838383838,0.346534653,0.636963696,0.496,"PermaNet 2.0","Jul-17",NA,195,2017,0.2597403,77,0.271604938,81,0.259259259,81,0.170731707,82,0.274,0.340918971,0.561704822,2.112342094,0.311403205,0.565691471,1.872272399,3.296696098,-2.195952774,-0.45366556,-0.678362884,-0.828865842,-0.197940387,0.148385755,5.50031912,21.1409802766097
"71",3,99,"Mbale Municipality","Mbale",103284,2017,0.49,0.65,1,0.243243243,"PermaNet 2.0",0.473309609,0.903914591,0.540145985,0.806569343,0.363636364,0.747933884,0.642,"PermaNet 2.0","Jul-17",NA,195,2017,0.0307692,65,0.052631579,76,0.014084507,71,0.038961039,77,0.092,0.340918971,0.561704822,2.112342094,0.311403205,0.565691471,1.872272399,3.296696098,-2.195952774,-0.45366556,-0.678362884,-0.828865842,-0.197940387,0.148385755,3.473203741,3.19012893139344
"72",3,101,"Bubulo East","Mbale",103284,2017,0.49,0.65,0.955555556,0.558139535,"OlysetNet",0.443333333,0.9,0.417417417,0.807807808,0.436305732,0.76433121,0.523,"PermaNet 2.0","Jul-17",NA,195,2017,0.2560976,82,0.119047619,84,0.083333333,72,0.13253012,83,0.266,0.340918971,0.561704822,2.112342094,0.311403205,0.565691471,1.872272399,3.296696098,-2.195952774,-0.45366556,-0.678362884,-0.828865842,-0.197940387,0.148385755,3.474000179,19.1180717917383
"73",4,6,"Isingiro North","Mbarara",103285,2017,0.49,0.65,0.954545455,0.880952381,"PermaNet 2.0",0.498127341,0.921348315,0.580152672,0.713740458,0.421641791,0.708955224,0.695,"PermaNet 3.0","Jul-17",NA,195,2017,0.1125,80,0.025,80,0.0125,80,0,75,0.012,0.340918971,0.561704822,2.112342094,0.483013286,0.482006596,1.625772453,2.085169221,0.490035026,-0.133685553,-1.447381674,-0.609622629,-0.000470121,-0.243443866,6.802268956,7.63572474418619
"74",4,9,"Kibanda","Masindi",103282,2017,0.49,0.65,0.851851852,0.5,"PermaNet 2.0",0.505703422,0.790874525,0.4609375,0.79296875,0.502202643,0.86784141,0.835,"PermaNet 3.0","Jul-17",NA,195,2017,0.4512195,82,0.328767123,73,0.347826087,69,0.306451613,62,0.449,0.340918971,0.561704822,2.112342094,0.483013286,0.482006596,1.625772453,3.064618224,-1.517285438,-0.57251896,-1.424209634,-0.628146606,0.221446026,-0.064315736,5.526202611,55.2276156046752
"75",4,14,"Bunyaruguru","Bushenyi",103252,2017,0.49,0.65,0.978947368,0.913978495,"OlysetNet",0.463414634,0.87804878,0.574468085,0.843971631,0.514018692,0.738317757,0.721,"PermaNet 3.0","Jul-17",NA,195,2017,0.1304348,69,0.081081081,74,0.012820513,78,0.038834951,103,0.031,0.340918971,0.561704822,2.112342094,0.483013286,0.482006596,1.625772453,2.384329351,0.543956957,-0.297619485,-1.673696106,-0.701611434,0.058273232,-0.351621285,7.245695582,8.68993781473631
"76",4,20,"Ruhaama","Ntungamo",103294,2017,0.49,0.65,1,0.058823529,"DawaNet",0.517509728,0.832684825,0.564013841,0.792387543,0.5,0.634751773,0.74,"PermaNet 3.0","Jul-17",NA,195,2017,0.25,72,0.083333333,84,0.05,80,0.024691358,81,0.038,0.340918971,0.561704822,2.112342094,0.483013286,0.482006596,1.625772453,1.990519842,0.725628797,-0.010574529,-1.305520532,-0.557125206,-0.074035487,-0.362517578,11.84495338,19.2341713326114
"77",4,27,"Busongora South","Kasese",103267,2017,0.49,0.65,1,0.369863014,"PermaNet 2.0",0.513513514,0.94980695,0.466431095,0.932862191,0.343283582,0.675373134,NA,"PermaNet 3.0","Jul-17",NA,195,2017,0.2210526,95,0.016949153,59,0.046153846,65,0.047058824,85,NA,0.340918971,0.561704822,2.112342094,0.483013286,0.482006596,1.625772453,2.67083956,0.13064217,-0.626800461,-1.835793106,-0.779028081,0.092930363,-0.304686825,4.159730588,14.3036638493293
"78",4,30,"Bugahya","Hoima",103255,2017,0.49,0.65,0.98,0.93877551,"PermaNet 2.0",0.450847458,0.827118644,0.483333333,0.770833333,0.544444444,0.888888889,0.668,"PermaNet 3.0","Jul-17",NA,195,2017,0.2840909,88,0.123076923,65,0.132352941,68,0.084507042,71,0.257,0.340918971,0.561704822,2.112342094,0.483013286,0.482006596,1.625772453,2.766026508,-1.013556666,-0.599220422,-1.51534868,-0.571764867,0.22498228,-0.190494503,10.64465124,25.0827841394431
"79",4,36,"Kyaka","Kyenjojo",103276,2017,0.49,0.65,1,0.931818182,"PermaNet 2.0",0.507633588,0.805343511,0.527131783,0.794573643,0.37254902,0.607843137,0.406,"PermaNet 3.0","Jul-17",NA,195,2017,0.3580247,81,0.141176471,85,0.136363636,66,0.045454545,66,0.125,0.340918971,0.561704822,2.112342094,0.483013286,0.482006596,1.625772453,2.683586481,-0.330723673,-0.726380844,-2.042241835,-0.448332536,0.316910357,-0.366186108,6.748017919,31.9945267052146
"80",4,38,"Burahya","Kabarole",103259,2017,0.49,0.65,0.973684211,0.945945946,"PermaNet 2.0",0.434640523,0.89869281,0.420138889,0.875,0.482352941,0.890196078,0.756,"PermaNet 3.0","Jul-17",NA,195,2017,0.1728395,81,0.028985507,69,0.027027027,74,0.014705882,68,0.092,0.340918971,0.561704822,2.112342094,0.483013286,0.482006596,1.625772453,3.022943734,-0.137865893,-0.981813387,-2.215396744,-0.821247699,0.22201976,-0.368233259,4.336976391,12.8231244642054
"81",4,43,"Ntoroko","Bundibugyo",103251,2017,0.49,0.65,0.890243902,0.356164384,"PermaNet 2.0",0.404255319,0.835866261,0.47005988,0.856287425,0.327645051,0.559726962,0.331,"PermaNet 3.0","Jul-17",NA,195,2017,0.2643678,87,0.08988764,89,0.077669903,103,0.053763441,93,0.114,0.340918971,0.561704822,2.112342094,0.483013286,0.482006596,1.625772453,2.580746356,-0.527091925,-0.600614046,-1.50198419,-0.554288099,0.208562441,-0.4734048,7.882515979,19.203542645071
"82",4,45,"Mwenge South","Kyenjojo",103276,2017,0.49,0.65,0.972972973,0.902777778,"PermaNet 2.0",0.490774908,0.778597786,0.494773519,0.790940767,0.362637363,0.615384615,0.472,"PermaNet 3.0","Jul-17",NA,195,2017,0.2954545,88,0.125,56,0.069444444,72,0.064935065,77,0.169,0.340918971,0.561704822,2.112342094,0.483013286,0.482006596,1.625772453,2.683586481,-0.330723673,-0.726380844,-2.042241835,-0.448332536,0.316910357,-0.366186108,11.977915,27.9451131607082
"83",4,49,"Mbarara Municipality","Mbarara",103285,2017,0.49,0.65,0.966666667,0.057471264,"PermaNet 2.0",0.627358491,0.877358491,0.57918552,0.85520362,0.453488372,0.647286822,NA,"PermaNet 3.0","Jul-17",NA,195,2017,0,76,0,53,0,63,0.012820513,78,NA,0.340918971,0.561704822,2.112342094,0.483013286,0.482006596,1.625772453,2.085169221,0.490035026,-0.133685553,-1.447381674,-0.609622629,-0.000470121,-0.243443866,6.003253237,1
"84",4,51,"Bugangaizi West","Kibale",103270,2017,0.49,0.65,0.974358974,0.460526316,"PermaNet 2.0",0.507633588,0.938931298,0.514522822,0.834024896,0.517985612,0.910071942,0.767,"PermaNet 3.0","Jul-17",NA,195,2017,0.4204545,88,0.135802469,81,0.169014085,71,0.098591549,71,0.235,0.340918971,0.561704822,2.112342094,0.483013286,0.482006596,1.625772453,2.817740943,-0.726461582,-0.641660125,-1.81789415,-0.42183137,0.299490368,-0.428818572,6.548558855,49.6477634947954
"85",4,59,"Bufumbira South","Kisoro",103272,2017,0.49,0.65,1,0.046511628,"DawaNet",0.509578544,0.835249042,0.521008403,0.857142857,0.519607843,0.712418301,0.846,"PermaNet 3.0","Jul-17",NA,195,2017,0.027027,74,0,72,0,69,0,84,0,0.340918971,0.561704822,2.112342094,0.483013286,0.482006596,1.625772453,2.649764481,0.998269682,0.123568997,-1.763089682,-0.554628797,-0.238093298,-0.361002398,15,3.247137717648
"86",4,60,"Kabale Municipality","Kabale",103258,2017,0.49,0.65,0.918032787,0.0625,"PermaNet 2.0",0.536290323,0.75,0.572815534,0.834951456,0.493775934,0.79253112,0.597,"PermaNet 3.0","Jul-17",NA,195,2017,0,82,0,62,0,65,0,63,0,0.340918971,0.561704822,2.112342094,0.483013286,0.482006596,1.625772453,2.257176723,0.716735372,0.235107316,-1.580660175,-0.625648276,-0.052080232,-0.346186227,15,1
"87",4,63,"Rubanda East","Kabale",103258,2017,0.49,0.65,1,0.935483871,"DawaNet",0.498127341,0.730337079,0.528384279,0.611353712,0.53046595,0.788530466,0.565,"PermaNet 3.0","Jul-17",NA,195,2017,0.0135135,74,0,80,0.016666667,60,0.014925373,67,0,0.340918971,0.561704822,2.112342094,0.483013286,0.482006596,1.625772453,2.257176723,0.716735372,0.235107316,-1.580660175,-0.625648276,-0.052080232,-0.346186227,6.829444525,1
"88",4,64,"Rubanda West","Kabale",103258,2017,0.49,0.65,1,0.784313725,"PermaNet 2.0",0.492592593,0.833333333,0.495495495,0.563063063,0.43495935,0.678861789,0.542,"PermaNet 3.0","Jul-17",NA,195,2017,0.012987,77,0,62,0,62,0,56,0.016,0.340918971,0.561704822,2.112342094,0.483013286,0.482006596,1.625772453,2.257176723,0.716735372,0.235107316,-1.580660175,-0.625648276,-0.052080232,-0.346186227,7.467351864,1
"89",4,65,"Rukiga South","Kabale",103258,2017,0.49,0.65,1,0.193181818,"PermaNet 2.0",0.538461538,0.777327935,0.677824268,0.924686192,0.57751938,0.790697674,0.537,"PermaNet 3.0","Jul-17",NA,195,2017,0.0240964,83,0,69,0,57,0,76,0,0.340918971,0.561704822,2.112342094,0.483013286,0.482006596,1.625772453,2.257176723,0.716735372,0.235107316,-1.580660175,-0.625648276,-0.052080232,-0.346186227,11.41431222,2.63235654668016
"90",4,70,"Soroti","Soroti",103301,2017,0.49,0.65,0.983333333,0.745762712,"PermaNet 2.0",0.40060241,0.78313253,0.501449275,0.875362319,0.390934844,0.628895184,0.575,"PermaNet 3.0","Jul-17",NA,195,2017,0.4137931,87,0.109756098,82,0.056818182,88,0.247863248,117,0.208,0.340918971,0.561704822,2.112342094,0.483013286,0.482006596,1.625772453,2.896717789,-2.067087381,-0.169077675,-0.942156559,-0.730111469,0.291954972,0.332245672,1.367863664,32.4160426376923
"91",4,72,"Butembe","Jinja",103257,2017,0.49,0.65,0.946666667,0.450704225,"PermaNet 2.0",0.461805556,0.857638889,0.445141066,0.670846395,0.496323529,0.856617647,0.605,"PermaNet 3.0","Jul-17",NA,195,2017,0.2359551,89,0.1,70,0.156626506,83,0.092307692,65,0.236,0.340918971,0.561704822,2.112342094,0.483013286,0.482006596,1.625772453,3.267883339,-0.981919556,0.383780077,-1.825071337,-1.151788839,0.411421461,-0.503601461,2.582148311,13.4567527817751
"92",4,75,"Bugabula","Kamuli",103263,2017,0.49,0.65,0.929824561,0.377358491,"PermaNet 2.0",0.505703422,0.711026616,0.520123839,0.656346749,0.412587413,0.716783217,0.678,"PermaNet 3.0","Jul-17",NA,195,2017,0.5675676,111,0.14084507,71,0.283950617,81,0.367816092,87,0.487,0.340918971,0.561704822,2.112342094,0.483013286,0.482006596,1.625772453,2.915139935,-1.470145128,0.286312813,-1.38142086,-0.813123749,0.371819448,-0.159814488,4.659951003,103.229541169166
"93",4,76,"Buzaaya","Kamuli",103263,2017,0.49,0.65,0.922222222,0.34939759,"PermaNet 2.0",0.471631206,0.606382979,0.613013699,0.839041096,0.546099291,0.812056738,0.814,"PermaNet 3.0","Jul-17",NA,195,2017,0.5206612,121,0.224719101,89,0.285714286,77,0.283783784,74,0.349,0.340918971,0.561704822,2.112342094,0.483013286,0.482006596,1.625772453,2.915139935,-1.470145128,0.286312813,-1.38142086,-0.813123749,0.371819448,-0.159814488,2.860868576,69.3156400887095
"94",4,77,"Busia Municipality","Busia",103253,2017,0.49,0.65,1,0,"PermaNet 2.0",0.658415842,0.772277228,0.418181818,0.672727273,0.363207547,0.75,0.506,"PermaNet 3.0","Jul-17",NA,195,2017,0.0947368,95,0.049180328,61,0.0125,80,0.061538462,65,0.058,0.340918971,0.561704822,2.112342094,0.483013286,0.482006596,1.625772453,3.632922029,-1.18594567,0.390280031,-1.868419752,-1.33601221,0.0265309,-0.222126425,1.875063097,4.13093716889524
"95",4,83,"Kigulu North","Iganga",103256,2017,0.49,0.65,1,0.25,"PermaNet 2.0",0.4375,0.710526316,0.486842105,0.868421053,0.433224756,0.801302932,0.569,"PermaNet 3.0","Jul-17",NA,195,2017,0.5670103,97,0.4,90,0.333333333,93,0.347222222,72,0.466,0.340918971,0.561704822,2.112342094,0.483013286,0.482006596,1.625772453,3.23117164,-1.401304782,0.231896847,-1.625879136,-0.920101702,0.261199491,-0.205104992,7.369993752,130.000805406025
"96",4,85,"Kumi","Kumi",103275,2017,0.49,0.65,0.795918367,0.692307692,"OlysetNet",0.392330383,0.814159292,0.561403509,0.80994152,0.463276836,0.81920904,0.808,"PermaNet 3.0","Jul-17",NA,195,2017,0.3783784,111,0.170212766,94,0.179775281,89,0.245098039,102,0.281,0.340918971,0.561704822,2.112342094,0.483013286,0.482006596,1.625772453,2.754094358,-2.162641039,-0.056727097,-0.487285114,-0.660400287,0.135373553,0.036960793,3.50292574,34.6264631177559
"97",4,89,"Tingey","Kapchorwa",103266,2017,0.49,0.65,0.916666667,0.727272727,"PermaNet 2.0",0.427652733,0.887459807,0.535825545,0.862928349,0.473520249,0.937694704,0.594,"PermaNet 3.0","Jul-17",NA,195,2017,0.027027,74,0.010869565,92,0.011111111,90,0,80,0,0.340918971,0.561704822,2.112342094,0.483013286,0.482006596,1.625772453,2.806436179,-2.591998182,-0.510944598,-0.030899023,-0.464447721,-0.079769376,0.204377047,4.968830932,3.18966570041929
"98",4,92,"Bunya East","Mayuge",103283,2017,0.49,0.65,1,0.404761905,"PermaNet 2.0",0.580786026,0.925764192,0.466666667,0.647619048,0.482758621,0.772413793,0.591,"PermaNet 3.0","Jul-17",NA,195,2017,0.7346939,98,0.285714286,63,0.398230088,113,0.393939394,66,0.583,0.340918971,0.561704822,2.112342094,0.483013286,0.482006596,1.625772453,3.227447359,-0.613602958,0.229699644,-1.828609896,-1.278449238,0.097594433,-0.473211007,5.279598048,373.259766272936
"99",4,94,"Bulamogi","Kamuli",103263,2017,0.49,0.65,0.828571429,0.482758621,"PermaNet 2.0",0.430420712,0.935275081,0.5,0.905228758,0.49068323,0.866459627,0.451,"PermaNet 3.0","Jul-17",NA,195,2017,0.7349398,83,0.308823529,68,0.417721519,79,0.630952381,84,0.549,0.340918971,0.561704822,2.112342094,0.483013286,0.482006596,1.625772453,2.915139935,-1.470145128,0.286312813,-1.38142086,-0.813123749,0.371819448,-0.159814488,3.46842532,225.966485799754
"100",4,96,"Kongasis","Kapchorwa",103266,2017,0.49,0.65,0.980392157,0.58,"PermaNet 2.0",0.40797546,0.766871166,0.438871473,0.774294671,0.38700565,0.788135593,0.506,"PermaNet 3.0","Jul-17",NA,195,2017,0,79,0,83,0.010989011,91,0,93,0,0.340918971,0.561704822,2.112342094,0.483013286,0.482006596,1.625772453,2.806436179,-2.591998182,-0.510944598,-0.030899023,-0.464447721,-0.079769376,0.204377047,7.257579082,1
"101",4,97,"Bungokho North","Mbale",103284,2017,0.49,0.65,0.886075949,0.528571429,"PermaNet 2.0",0.376770538,0.889518414,0.516923077,0.843076923,0.38658147,0.645367412,0.598,"PermaNet 3.0","Jul-17",NA,195,2017,0.2526316,95,0.082191781,73,0.065789474,76,0.0375,80,0.093,0.340918971,0.561704822,2.112342094,0.483013286,0.482006596,1.625772453,3.296696098,-2.195952774,-0.45366556,-0.678362884,-0.828865842,-0.197940387,0.148385755,9.761225535,22.7584278972208
"102",4,100,"Bukedea","Kumi",103275,2017,0.49,0.65,0.697368421,0.377358491,"PermaNet 2.0",0.376770538,0.847025496,0.56545961,0.924791086,0.564417178,0.966257669,0.828,"PermaNet 3.0","Jul-17",NA,195,2017,0.3873874,111,0.056179775,89,0.166666667,84,0.240963855,83,0.2,0.340918971,0.561704822,2.112342094,0.483013286,0.482006596,1.625772453,2.754094358,-2.162641039,-0.056727097,-0.487285114,-0.660400287,0.135373553,0.036960793,4.680892391,38.7454230513948
"103",4,103,"Manjia","Kampala",103262,2017,0.49,0.65,0.990196078,0.366336634,"OlysetNet",0.466666667,0.901754386,0.598039216,0.718954248,0.474522293,0.751592357,0.533,"PermaNet 3.0","Jul-17",NA,195,2017,0.0485437,103,0.0125,80,0,84,0,92,0.047,0.340918971,0.561704822,2.112342094,0.483013286,0.482006596,1.625772453,2.759363465,-0.29610856,0.581750977,-1.575393889,-0.783294239,0.15996872,-0.834928192,5.22143826,3.53437399667371
"104",4,104,"Budiope","Kamuli",103263,2017,0.49,0.65,1,0.924050633,"PermaNet 2.0",0.438943894,0.927392739,0.546052632,0.851973684,0.540540541,0.939189189,0.881,"PermaNet 3.0","Jul-17",NA,195,2017,0.7666667,90,0.392405063,79,0.513513514,111,0.651685393,89,0.547,0.340918971,0.561704822,2.112342094,0.483013286,0.482006596,1.625772453,2.915139935,-1.470145128,0.286312813,-1.38142086,-0.813123749,0.371819448,-0.159814488,3.914679125,484.122221346027
